1,Ana,Gomez,AnGo1,1
2,Carlos,Rivera,CaRi2,2
3,Maria,Lopez,MaLo3,3
4,Javier,Martinez,JaMa4,4
5,Sofia,Rodriguez,SoRo5,5
6,Alejandro,Hernandez,AlHe6,6
7,Isabella,Torres,IsTo7,7
8,Luis,Diaz,LuDi8,8
9,Valentina,Garcia,VaGa9,9
10,Miguel,Perez,MiPe10,10
11,Emily,Fernandez,EmFe11,11
12,David,Ramirez,DaRa12,12
13,Adriana,Santos,AdSa13,13
14,Antonio,Rodriguez,AnRo14,14
15,Valeria,Fernandez,VaFe15,15
16,Carlos,Gonzalez,CaGo16,16
17,Isabel,Martinez,IsMa17,17
18,Julian,Hernandez,JuHe18,18
19,Camila,Diaz,CaDi19,19
20,Diego,Lopez,DiLo20,20
21,Fernanda,Torres,FeTo21,1
22,Alejandro,Perez,AlPe22,2
23,Sara,Martinez,SaMa23,3
24,Victor,Rivera,ViRi24,4
25,Lucia,Gomez,LuGo25,5
26,Emilio,Fernandez,EmFe26,6
27,Paula,Rodriguez,PaRo27,7
28,Felipe,Hernandez,FeHe28,8
29,Mariana,Garcia,MaGa29,9
30,Gabriel,Diaz,GaDi30,10
31,Laura,Martinez,LuMa31,11
32,Ricardo,Torres,RiTo32,12
33,Camilo,Lopez,CaLo33,13
34,Sofia,Ramirez,SoRa34,14
35,Alejandra,Perez,AlPe35,15
36,Nicolas,Rivera,NiRi36,16
37,Ana,Martinez,AnMa37,17
38,Jorge,Hernandez,JoHe38,18
39,Isabella,Diaz,IsDi39,19
40,Luis,Gomez,LuGo40,20
41,Valentina,Fernandez,VaFe41,1
42,Miguel,Rodriguez,MiRo42,2
43,Emily,Lopez,EmLo43,3
44,David,Torres,DaTo44,4
45,Amanda,Perez,AmPe45,5
46,Jose,Martinez,JoMa46,6
47,Carolina,Hernandez,CaHe47,7
48,Andres,Diaz,AnDi48,8
49,Sara,Gomez,SaGo49,9
50,Julian,Rivera,JuRi50,10
51,Maria,Fernandez,MaFe51,11
52,Antonio,Lopez,AnLo52,12
53,Camila,Rodriguez,CaRo53,13
54,Carlos,Torres,CaTo54,14
55,Isabel,Perez,IsPe55,15
56,Javier,Martinez,JaMa56,16
57,Valeria,Hernandez,VaHe57,17
58,Lucas,Diaz,LuDi58,18
59,Natalia,Gomez,NaGo59,19
60,Mateo,Rivera,MaRi60,20
61,Sofia,Fernandez,SoFe61,1
62,Diego,Lopez,DiLo62,2
63,Andrea,Rodriguez,AnRo63,3
64,Adrian,Hernandez,AdHe64,4
65,Ana,Martinez,AnMa65,5
66,Alejandro,Diaz,AlDi66,6
67,Camila,Gomez,CaGo67,7
68,David,Rivera,DaRi68,8
69,Isabella,Perez,IsPe69,9
70,Luis,Torres,LuTo70,10
71,Valentina,Fernandez,VaFe71,11
72,Miguel,Lopez,MiLo72,12
73,Emily,Rodriguez,EmRo73,13
74,Carlos,Hernandez,CaHe74,14
75,Sara,Gomez,SaGo75,15
76,Julian,Perez,JuPe76,16
77,Andrea,Rivera,AnRi77,17
78,Jorge,Martinez,JoMa78,18
79,Laura,Torres,LuTo79,19
80,Ricardo,Diaz,RiDi80,20
81,Valeria,Gomez,VaGo81,1
82,Antonio,Rivera,AnRi82,2
83,Fernanda,Lopez,FeLo83,3
84,Diego,Rodriguez,DiRo84,4
85,Camila,Hernandez,CaHe85,5
86,Alejandro,Diaz,AlDi86,6
87,Isabella,Torres,IsTo87,7
88,Carlos,Perez,CaPe88,8
89,Sofia,Martinez,SoMa89,9
90,Luis,Rivera,LuRi90,10
91,Valentina,Gomez,VaGo91,11
92,Miguel,Lopez,MiLo92,12
93,Emily,Rodriguez,EmRo93,13
94,David,Hernandez,DaHe94,14
95,Sara,Diaz,SaDi95,15
96,Julian,Torres,JuTo96,16
97,Isabella,Rivera,IsRi97,17
98,Carlos,Martinez,CaMa98,18
99,Laura,Lopez,LuLo99,19
100,Ricardo,Diaz,RiDi100,20
101,Adriana,Gomez,AdGo101,1
102,Antonio,Rivera,AnRi102,2
103,Valeria,Lopez,VaLo103,3
104,Carlos,Rodriguez,CaRo104,4
105,Isabel,Hernandez,IsHe105,5
106,Julian,Diaz,JuDi106,6
107,Camila,Martinez,CaMa107,7
108,Diego,Torres,DiTo108,8
109,Fernanda,Perez,FePe109,9
110,Victor,Gomez,ViGo110,10
111,Emily,Rivera,EmRi111,11
112,David,Lopez,DaLo112,12
113,Sofia,Rodriguez,SoRo113,13
114,Alejandro,Hernandez,AlHe114,14
115,Isabella,Torres,IsTo115,15
116,Carlos,Diaz,CaDi116,16
117,Laura,Martinez,LuMa117,17
118,Andres,Lopez,AnLo118,18
119,Valentina,Rivera,VaRi119,19
120,Miguel,Perez,MiPe120,20
121,Emily,Fernandez,EmFe121,1
122,David,Ramirez,DaRa122,2
123,Sara,Gomez,SaGo123,3
124,Victor,Rivera,ViRi124,4
125,Lucia,Lopez,LuLo125,5
126,Emilio,Fernandez,EmFe126,6
127,Paula,Rodriguez,PaRo127,7
128,Felipe,Hernandez,FeHe128,8
129,Mariana,Garcia,MaGa129,9
130,Gabriel,Diaz,GaDi130,10
131,Laura,Martinez,LuMa131,11
132,Ricardo,Torres,RiTo132,12
133,Camilo,Lopez,CaLo133,13
134,Sofia,Ramirez,SoRa134,14
135,Alejandra,Perez,AlPe135,15
136,Nicolas,Rivera,NiRi136,16
137,Ana,Martinez,AnMa137,17
138,Jorge,Hernandez,JoHe138,18
139,Isabella,Diaz,IsDi139,19
140,Luis,Gomez,LuGo140,20
141,Valentina,Fernandez,VaFe141,1
142,Miguel,Rodriguez,MiRo142,2
143,Emily,Lopez,EmLo143,3
144,David,Torres,DaTo144,4
145,Amanda,Perez,AmPe145,5
146,Jose,Martinez,JoMa146,6
147,Carolina,Hernandez,CaHe147,7
148,Andres,Diaz,AnDi148,8
149,Sara,Gomez,SaGo149,9
150,Julian,Rivera,JuRi150,10
151,Maria,Fernandez,MaFe151,11
152,Antonio,Lopez,AnLo152,12
153,Camila,Rodriguez,CaRo153,13
154,Carlos,Torres,CaTo154,14
155,Isabel,Perez,IsPe155,15
156,Javier,Martinez,JaMa156,16
157,Valeria,Hernandez,VaHe157,17
158,Lucas,Diaz,LuDi158,18
159,Natalia,Gomez,NaGo159,19
160,Mateo,Rivera,MaRi160,20
161,Sofia,Fernandez,SoFe161,1
162,Diego,Lopez,DiLo162,2
163,Andrea,Rodriguez,AnRo163,3
164,Adrian,Hernandez,AdHe164,4
165,Ana,Martinez,AnMa165,5
166,Alejandro,Diaz,AlDi166,6
167,Camila,Gomez,CaGo167,7
168,David,Rivera,DaRi168,8
169,Isabella,Perez,IsPe169,9
170,Luis,Torres,LuTo170,10
171,Valentina,Fernandez,VaFe171,11
172,Miguel,Lopez,MiLo172,12
173,Emily,Rodriguez,EmRo173,13
174,Carlos,Hernandez,CaHe174,14
175,Sara,Gomez,SaGo175,15
176,Julian,Perez,JuPe176,16
177,Andrea,Rivera,AnRi177,17
178,Jorge,Martinez,JoMa178,18
179,Laura,Torres,LuTo179,19
180,Ricardo,Diaz,RiDi180,20
181,Valeria,Gomez,VaGo181,1
182,Antonio,Rivera,AnRi182,2
183,Fernanda,Lopez,FeLo183,3
184,Diego,Rodriguez,DiRo184,4
185,Camila,Hernandez,CaHe185,5
186,Alejandro,Diaz,AlDi186,6
187,Isabella,Torres,IsTo187,7
188,Carlos,Perez,CaPe188,8
189,Sofia,Martinez,SoMa189,9
190,Luis,Rivera,LuRi190,10
191,Valentina,Gomez,VaGo191,11
192,Miguel,Lopez,MiLo192,12
193,Emily,Rodriguez,EmRo193,13
194,David,Hernandez,DaHe194,14
195,Sara,Diaz,SaDi195,15
196,Julian,Torres,JuTo196,16
197,Isabella,Rivera,IsRi197,17
198,Carlos,Martinez,CaMa198,18
199,Laura,Lopez,LuLo199,19
200,Ricardo,Diaz,RiDi200,20
101,Adriana,Gomez,AdGo101,1
102,Antonio,Rivera,AnRi102,2
103,Valeria,Lopez,VaLo103,3
104,Carlos,Rodriguez,CaRo104,4
105,Isabel,Hernandez,IsHe105,5
106,Julian,Diaz,JuDi106,6
107,Camila,Martinez,CaMa107,7
108,Diego,Torres,DiTo108,8
109,Fernanda,Perez,FePe109,9
110,Victor,Gomez,ViGo110,10
111,Emily,Rivera,EmRi111,11
112,David,Lopez,DaLo112,12
113,Sofia,Rodriguez,SoRo113,13
114,Alejandro,Hernandez,AlHe114,14
115,Isabella,Torres,IsTo115,15
116,Carlos,Diaz,CaDi116,16
117,Laura,Martinez,LuMa117,17
118,Andres,Lopez,AnLo118,18
119,Valentina,Rivera,VaRi119,19
120,Miguel,Perez,MiPe120,20
121,Emily,Fernandez,EmFe121,1
122,David,Ramirez,DaRa122,2
123,Sara,Gomez,SaGo123,3
124,Victor,Rivera,ViRi124,4
125,Lucia,Lopez,LuLo125,5
126,Emilio,Fernandez,EmFe126,6
127,Paula,Rodriguez,PaRo127,7
128,Felipe,Hernandez,FeHe128,8
129,Mariana,Garcia,MaGa129,9
130,Gabriel,Diaz,GaDi130,10
131,Laura,Martinez,LuMa131,11
132,Ricardo,Torres,RiTo132,12
133,Camilo,Lopez,CaLo133,13
134,Sofia,Ramirez,SoRa134,14
135,Alejandra,Perez,AlPe135,15
136,Nicolas,Rivera,NiRi136,16
137,Ana,Martinez,AnMa137,17
138,Jorge,Hernandez,JoHe138,18
139,Isabella,Diaz,IsDi139,19
140,Luis,Gomez,LuGo140,20
141,Valentina,Fernandez,VaFe141,1
142,Miguel,Rodriguez,MiRo142,2
143,Emily,Lopez,EmLo143,3
144,David,Torres,DaTo144,4
145,Amanda,Perez,AmPe145,5
146,Jose,Martinez,JoMa146,6
147,Carolina,Hernandez,CaHe147,7
148,Andres,Diaz,AnDi148,8
149,Sara,Gomez,SaGo149,9
150,Julian,Rivera,JuRi150,10
151,Maria,Fernandez,MaFe151,11
152,Antonio,Lopez,AnLo152,12
153,Camila,Rodriguez,CaRo153,13
154,Carlos,Torres,CaTo154,14
155,Isabel,Perez,IsPe155,15
156,Javier,Martinez,JaMa156,16
157,Valeria,Hernandez,VaHe157,17
158,Lucas,Diaz,LuDi158,18
159,Natalia,Gomez,NaGo159,19
160,Mateo,Rivera,MaRi160,20
161,Sofia,Fernandez,SoFe161,1
162,Diego,Lopez,DiLo162,2
163,Andrea,Rodriguez,AnRo163,3
164,Adrian,Hernandez,AdHe164,4
165,Ana,Martinez,AnMa165,5
166,Alejandro,Diaz,AlDi166,6
167,Camila,Gomez,CaGo167,7
168,David,Rivera,DaRi168,8
169,Isabella,Perez,IsPe169,9
170,Luis,Torres,LuTo170,10
171,Valentina,Fernandez,VaFe171,11
172,Miguel,Lopez,MiLo172,12
173,Emily,Rodriguez,EmRo173,13
174,Carlos,Hernandez,CaHe174,14
175,Sara,Gomez,SaGo175,15
176,Julian,Perez,JuPe176,16
177,Andrea,Rivera,AnRi177,17
178,Jorge,Martinez,JoMa178,18
179,Laura,Torres,LuTo179,19
180,Ricardo,Diaz,RiDi180,20
181,Valeria,Gomez,VaGo181,1
182,Antonio,Rivera,AnRi182,2
183,Fernanda,Lopez,FeLo183,3
184,Diego,Rodriguez,DiRo184,4
185,Camila,Hernandez,CaHe185,5
186,Alejandro,Diaz,AlDi186,6
187,Isabella,Torres,IsTo187,7
188,Carlos,Perez,CaPe188,8
189,Sofia,Martinez,SoMa189,9
190,Luis,Rivera,LuRi190,10
191,Valentina,Gomez,VaGo191,11
192,Miguel,Lopez,MiLo192,12
193,Emily,Rodriguez,EmRo193,13
194,David,Hernandez,DaHe194,14
195,Sara,Diaz,SaDi195,15
196,Julian,Torres,JuTo196,16
197,Isabella,Rivera,IsRi197,17
198,Carlos,Martinez,CaMa198,18
199,Laura,Lopez,LuLo199,19
200,Ricardo,Diaz,RiDi200,20
201,Adriana,Gomez,AdGo201,1
202,Antonio,Rivera,AnRi202,2
203,Valeria,Lopez,VaLo203,3
204,Carlos,Rodriguez,CaRo204,4
205,Isabel,Hernandez,IsHe205,5
206,Julian,Diaz,JuDi206,6
207,Camila,Martinez,CaMa207,7
208,Diego,Torres,DiTo208,8
209,Fernanda,Perez,FePe209,9
210,Victor,Gomez,ViGo210,10
211,Emily,Rivera,EmRi211,11
212,David,Lopez,DaLo212,12
213,Sofia,Rodriguez,SoRo213,13
214,Alejandro,Hernandez,AlHe214,14
215,Isabella,Torres,IsTo215,15
216,Carlos,Diaz,CaDi216,16
217,Laura,Martinez,LuMa217,17
218,Andres,Lopez,AnLo218,18
219,Valentina,Rivera,VaRi219,19
220,Miguel,Perez,MiPe220,20
221,Emily,Fernandez,EmFe221,1
222,David,Ramirez,DaRa222,2
223,Sara,Gomez,SaGo223,3
224,Victor,Rivera,ViRi224,4
225,Lucia,Lopez,LuLo225,5
226,Emilio,Fernandez,EmFe226,6
227,Paula,Rodriguez,PaRo227,7
228,Felipe,Hernandez,FeHe228,8
229,Mariana,Garcia,MaGa229,9
230,Gabriel,Diaz,GaDi230,10
231,Laura,Martinez,LuMa231,11
232,Ricardo,Torres,RiTo232,12
233,Camilo,Lopez,CaLo233,13
234,Sofia,Ramirez,SoRa234,14
235,Alejandra,Perez,AlPe235,15
236,Nicolas,Rivera,NiRi236,16
237,Ana,Martinez,AnMa237,17
238,Jorge,Hernandez,JoHe238,18
239,Isabella,Diaz,IsDi239,19
240,Luis,Gomez,LuGo240,20
241,Valentina,Fernandez,VaFe241,1
242,Miguel,Rodriguez,MiRo242,2
243,Emily,Lopez,EmLo243,3
244,David,Torres,DaTo244,4
245,Amanda,Perez,AmPe245,5
246,Jose,Martinez,JoMa246,6
247,Carolina,Hernandez,CaHe247,7
248,Andres,Diaz,AnDi248,8
249,Sara,Gomez,SaGo249,9
250,Julian,Rivera,JuRi250,10
251,Maria,Fernandez,MaFe251,11
252,Antonio,Lopez,AnLo252,12
253,Camila,Rodriguez,CaRo253,13
254,Carlos,Torres,CaTo254,14
255,Isabel,Perez,IsPe255,15
256,Javier,Martinez,JaMa256,16
257,Valeria,Hernandez,VaHe257,17
258,Lucas,Diaz,LuDi258,18
259,Natalia,Gomez,NaGo259,19
260,Mateo,Rivera,MaRi260,20
261,Sofia,Fernandez,SoFe261,1
262,Diego,Lopez,DiLo262,2
263,Andrea,Rodriguez,AnRo263,3
264,Adrian,Hernandez,AdHe264,4
265,Ana,Martinez,AnMa265,5
266,Alejandro,Diaz,AlDi266,6
267,Camila,Gomez,CaGo267,7
268,David,Rivera,DaRi268,8
269,Isabella,Perez,IsPe269,9
270,Luis,Torres,LuTo270,10
271,Valentina,Fernandez,VaFe271,11
272,Miguel,Lopez,MiLo272,12
273,Emily,Rodriguez,EmRo273,13
274,Carlos,Hernandez,CaHe274,14
275,Sara,Gomez,SaGo275,15
276,Julian,Perez,JuPe276,16
277,Andrea,Rivera,AnRi277,17
278,Jorge,Martinez,JoMa278,18
279,Laura,Torres,LuTo279,19
280,Ricardo,Diaz,RiDi280,20
281,Valeria,Gomez,VaGo281,1
282,Antonio,Rivera,AnRi282,2
283,Fernanda,Lopez,FeLo283,3
284,Diego,Rodriguez,DiRo284,4
285,Camila,Hernandez,CaHe285,5
286,Alejandro,Diaz,AlDi286,6
287,Isabella,Torres,IsTo287,7
288,Carlos,Perez,CaPe288,8
289,Sofia,Martinez,SoMa289,9
290,Luis,Rivera,LuRi290,10
291,Valentina,Gomez,VaGo291,11
292,Miguel,Lopez,MiLo292,12
293,Emily,Rodriguez,EmRo293,13
294,David,Hernandez,DaHe294,14
295,Sara,Diaz,SaDi295,15
296,Julian,Torres,JuTo296,16
297,Isabella,Rivera,IsRi297,17
298,Carlos,Martinez,CaMa298,18
299,Laura,Lopez,LuLo299,19
300,Ricardo,Diaz,RiDi300,20
